file_id,filename,category,page_count,source,authorized,has_ground_truth,notes
estado_cuenta_001,2d531111-7ae9-486a-b940-2ded69034a30_Estado_Cuenta_96630.pdf,digital_complex_table,46,quark_payments_interno,yes,no,"Estado de cuenta real, multipagina"
estado_cuenta_002,5e75aedf-5063-4dd9-a084-94f5d1543f24_Estado_Cuenta_12364.pdf,digital_simple_table,2,quark_payments_interno,yes,no,""
estado_cuenta_003,738180524119796630_Estado_Cuenta_96630.pdf,digital_complex_table,46,quark_payments_interno,yes,no,"Posible duplicado de estado_cuenta_001 (mismo tamano/contenido) - mantenido a peticion del usuario"
estado_cuenta_004,75b1ed67-0f81-4c97-bc77-951cc17c3037_Estado_Cuenta_03951.pdf,digital_complex_table,19,quark_payments_interno,yes,yes,; referencia visual local de tabla completa en pagina 19; no cubre union multipagina
estado_cuenta_005,93b5231d-6574-4646-92fd-3b4413f16c86_Estado_Cuenta_15908.pdf,digital_complex_table,48,quark_payments_interno,yes,no,""
estado_cuenta_006,ccb367a5-8481-4107-9ae2-e16b5abee308_Estado_Cuenta_42242.pdf,digital_simple_table,1,quark_payments_interno,yes,no,""
estado_cuenta_007,d2a2103e-5412-488e-9c7e-aa88cf8dba49_Estado_Cuenta_96630.pdf,digital_complex_table,28,quark_payments_interno,yes,no,""
estado_cuenta_008,Estado_Cuenta_0225.pdf,digital_simple_table,1,quark_payments_interno,yes,yes,; referencia visual local: tablas completas
estado_cuenta_009,Estado_Cuenta_1224.pdf,digital_simple_table,2,quark_payments_interno,yes,no,""
estado_cuenta_010,GYCAZ_Estado_Cuenta_27155.pdf,digital_complex_table,28,quark_payments_interno,yes,no,""
estado_cuenta_011,GYCAZ 2_Estado_Cuenta_27155.pdf,digital_complex_table,28,quark_payments_interno,yes,no,"Posible duplicado de estado_cuenta_010 - mantenido a peticion del usuario"
cep_001,CEP-20260915-monedero universal.pdf,digital_simple_table,1,quark_payments_interno,yes,no,"Comprobante Electronico de Pago"
csf_001,Csf_QPA231004Q72_29092026.pdf,digital_text_columns,3,quark_payments_interno,yes,no,"Constancia de Situacion Fiscal - contiene RFC real, solo uso interno, autorizado por el usuario"
doc_texto_001,Estrategia de Asignación.pdf,digital_text_columns,5,quark_payments_interno,yes,no,""
doc_texto_002,insecurity-plantilla-informe-hallazgos-assurance.pdf,digital_text_columns,4,quark_payments_interno,yes,no,""
doc_texto_003,insecurity-plantilla-reporte-mensual.pdf,digital_text_columns,4,quark_payments_interno,yes,no,""
doc_texto_004,insecurity-propuesta-ciso-QuarkPaymentsv1.2.pdf,digital_text_columns,12,quark_payments_interno,yes,no,""
doc_texto_005,PROPUESTA MONEY - copia.pdf,digital_text_columns,13,quark_payments_interno,yes,no,""
mixed_001,Circles Deep-dive for Quark Payments Sep26.pdf,mixed,38,quark_payments_interno,yes,no,"10.49 MB - tambien util como candidato adversarial_large (cerca del limite de 25MB)"
mixed_002,Quark Ops Process & Payments Sep 26.pdf,mixed,38,quark_payments_interno,yes,no,"Presentacion tipo slides, poco texto extraible por pagina"
mixed_003,Quark Registration and Onboarding Comms Sept 2026.pdf,mixed,15,quark_payments_interno,yes,no,"Presentacion tipo slides"
mixed_004,STORYBOARD_GRANDES_SALTOS_HUMANIDAD.pdf,mixed,10,quark_payments_interno,yes,no,"Contenido no relacionado a Quark Payments, mantenido a peticion del usuario"
scanned_001,FT BYD SEAL EV.pdf,scanned_clean,2,otro_proyecto,yes,no,"Sin texto extraible, solo imagenes - no confirmado si es escaneo real o PDF vectorial con texto como imagen; contenido no relacionado a Quark Payments, mantenido a peticion del usuario"
scanned_002,manualcargadorBYD.pdf,scanned_clean,14,otro_proyecto,yes,yes,"Sin texto extraible, solo imagenes - mismo caveat que scanned_001; contenido no relacionado a Quark Payments, mantenido a peticion del usuario; referencia visual local de texto completo en paginas 1 y 3; no cubre las 14 paginas"
synthetic_digital_001,synthetic_base_invoice.pdf,digital_simple_table,1,synthetic,yes,yes,"Generado con benchmarks/generate_synthetic_adversarial.py - factura ficticia con datos falsos"
synthetic_encrypted_001,synthetic_adversarial_encrypted_001.pdf,adversarial_encrypted,1,synthetic,yes,no,"Generado con benchmarks/generate_synthetic_adversarial.py - password: f0-test-1234 (ver script)"
synthetic_corrupt_001,synthetic_adversarial_corrupt_001.pdf,adversarial_corrupt,0,synthetic,yes,no,"Generado con benchmarks/generate_synthetic_adversarial.py - truncado al 60% de los bytes originales"
csf_002,7.- Constancia de Situacion Fiscal STSA ABRIL26.pdf,digital_text_columns,2,tercero_autorizado,yes,no,"Contiene RFC y nombre real de un tercero (Servio Tulio Subiaur Artiachi) - autorizado por el usuario para pruebas internas"
scanned_003,8.- TELMEX STSA.pdf,scanned_clean,4,tercero_autorizado,yes,no,"Primer escaneo real limpio del corpus (recibo Telmex sin capa de texto, buena calidad visual). Contiene datos personales reales de un tercero (Laura Maria Alvarez Acosta) - autorizado por el usuario para pruebas internas"
sat_001,11.- ACUSE GENERACION DE CERTIFICADO WELL SERVICES.pdf,digital_text_columns,2,tercero_autorizado,yes,no,"Acuse SAT a nombre de la empresa WELL SERVICES - autorizado por el usuario para pruebas internas"
scanned_004,acta poder swensea completa-at-2024-11-28T15_56.pdf,scanned_clean,12,tercero_autorizado,yes,no,"Acta notarial protocolizada (Swensea Commerce S.A. de C.V.) - excelente calidad de escaneo, incluye tabla real (pag. 12). Contiene RFC/CURP, domicilio particular y fecha de nacimiento de terceros - sensibilidad alta, autorizado explicitamente por el usuario para pruebas internas"
scanned_005,PODER ALELI.pdf,scanned_difficult,4,tercero_autorizado,yes,no,"Foto con celular (no escaner plano) de poder notarial - inclinacion leve, sombra despareja, primer candidato real para scanned_difficult. Poder notarial de Swensea Commerce S.A. de C.V. a favor de Concepcion Aleli Aybar Garcia - contiene nombres completos de terceros, autorizado por el usuario para pruebas internas"
carta_privacidad_001,Carta de privacidad 2025.pdf,digital_text_columns,2,tercero_autorizado,yes,no,"Carta legal de White & Case LLP a la CNBV sobre cumplimiento de AWS - el documento incluye clausula de no-compartir sin consentimiento previo del despacho; autorizado por el usuario para uso interno/local unicamente"
yucash_manual_001,IO- Manual de Operaciones YuCash.pdf,digital_text_columns,148,tercero_autorizado,yes,no,"Manual de operaciones interno de YuCash Mx S.A.P.I. de C.V. (otra institucion de fondos de pago) - 148 paginas, excede el limite de 100 paginas/trabajo del plan (MAX_PAGES_PER_JOB) por lo que tambien sirve como candidato real de adversarial_large por conteo de paginas. Contiene nombres de consejeros y politicas internas - autorizado por el usuario para pruebas internas"
yucash_resolucion_001,Resoluciones unanimes DG.pdf,digital_text_columns,1,tercero_autorizado,yes,yes,Resolucion del Director General de YuCash Mx S.A.P.I. de C.V. aprobando contratacion de proveedor (STP) - autorizado por el usuario para pruebas internas; referencia visual local: texto impreso completo
synthetic_ine_001,synthetic_ine_mockup.pdf,scanned_clean,1,synthetic,yes,no,"Generado con benchmarks/generate_synthetic_id_card.py - mockup de credencial INE con datos 100% ficticios y foto placeholder dibujada (no es una fotografia real). Reemplaza un INE real que fue descartado del corpus por alta sensibilidad (ver docs/AVANCE.md). Renderizado como imagen (sin capa de texto) para simular un escaneo real"
scanned_006,Doc1.pdf,scanned_difficult,1,dominio_publico,yes,yes,"Pagina escaneada de articulo academico sobre logica difusa (cita a Bart Kosko) - escaneo con deformacion/sombra curva visible, mezcla texto y diagramas. Contenido publico/academico, sin datos personales ni confidenciales; referencia visual local: region OCR parcial; no usar para CER de pagina completa"
